Order ID,Amount,Profit,Quantity,Category,SuD-Category,PaymentMode
D-25681,1041,663,7,Electronics,Electronic Games,COD
D-26055,6762,63,16,Furniture,Chairs,EMI
D-25955,3199,118,7,Furniture,Bookcases,EMI
D-26093,2959,667,8,Electronics,Printers,Credit Card
D-25602,2257,1096,4,Electronics,Phones,Credit Card
D-25881,1935,237,5,Clothing,Trousers,Credit Card
D-25696,226,-284,5,Clothing,Saree,COD
D-25687,444,-216,4,Clothing,Saree,UPI
D-25643,52,-46,2,Clothing,Hankerchief,UPI
D-25851,146,-60,4,Clothing,Kurti,COD
D-25703,187,-214,9,Clothing,Hankerchief,COD
D-25887,2524,-254,5,Electronics,Printers,EMI
D-25923,4388,-1053,6,Electronics,Phones,Credit Card
D-25756,645,-397,5,Furniture,Bookcases,UPI
D-25761,1910,922,5,Furniture,Bookcases,Credit Card
D-25655,5,-2,1,Clothing,Hankerchief,UPI
D-25786,1709,459,5,Furniture,Bookcases,Credit Card
D-26095,6,1,1,Clothing,Kurti,UPI
D-25853,2036,647,4,Furniture,Chairs,Credit Card
D-25735,6,-1,2,Clothing,Skirt,UPI
D-25910,1695,-514,5,Furniture,Tables,Credit Card
D-25950,1388,112,5,Electronics,Printers,Credit Card
D-25744,342,239,6,Electronics,Printers,UPI
D-25845,78,-28,4,Clothing,Kurti,COD
D-26001,8,2,2,Clothing,Skirt,UPI
D-25830,2177,706,3,Electronics,Phones,Credit Card
D-25842,1358,338,9,Electronics,Printers,Credit Card
D-25778,1515,-245,6,Electronics,Printers,Credit Card
D-25686,1897,-63,6,Furniture,Tables,Credit Card
D-25754,7,-1,3,Clothing,Skirt,UPI
D-26048,1524,187,4,Furniture,Tables,EMI
D-25816,339,118,8,Clothing,Stole,COD
D-26022,1507,1416,9,Electronics,Phones,Credit Card
D-25883,19,-14,3,Clothing,Hankerchief,UPI
D-26003,2070,118,2,Furniture,Tables,Credit Card
D-26097,745,-180,5,Electronics,Printers,UPI
D-25710,9,-1,1,Clothing,Leggings,UPI
D-25797,1368,860,6,Furniture,Tables,EMI
D-25618,13,0,2,Clothing,Hankerchief,UPI
D-25723,12,-7,2,Clothing,Leggings,UPI
D-25755,1451,611,3,Clothing,Trousers,Credit Card
D-25788,12,3,1,Clothing,Stole,UPI
D-25681,1322,-79,3,Electronics,Phones,EMI
D-25991,15,5,2,Clothing,Hankerchief,UPI
D-25779,1230,1161,3,Furniture,Tables,COD
D-25909,1727,-445,3,Electronics,Phones,EMI
D-25943,1430,382,6,Electronics,Accessories,EMI
D-25935,1670,469,4,Furniture,Chairs,Credit Card
D-25613,1633,0,9,Clothing,Saree,Credit Card
D-25729,1354,-462,4,Electronics,Phones,Credit Card
D-25772,1405,125,4,Electronics,Printers,EMI
D-25655,82,-128,8,Clothing,Skirt,UPI
D-25640,1763,270,12,Clothing,Saree,Credit Card
D-25810,1297,230,5,Clothing,Saree,EMI
D-25801,16,-2,1,Clothing,T-shirt,DeDit Card
D-26085,1738,552,4,Clothing,Trousers,Credit Card
D-25868,934,215,2,Furniture,Tables,Credit Card
D-25714,10,-5,2,Clothing,Hankerchief,COD
D-25784,12,5,1,Clothing,Hankerchief,DeDit Card
D-25608,1269,2162,6,Furniture,Tables,Credit Card
D-26051,1277,138,6,Electronics,Printers,Credit Card
D-25900,14,2,1,Clothing,Leggings,DeDit Card
D-25760,364,-215,5,Electronics,Printers,UPI
D-25762,1241,480,7,Electronics,Electronic Games,Credit Card
D-25995,1199,386,3,Furniture,Bookcases,Credit Card
D-25965,17,7,3,Clothing,Hankerchief,DeDit Card
D-25967,15,2,2,Clothing,Skirt,DeDit Card
D-25674,19,-10,6,Clothing,Skirt,DeDit Card
D-25929,1085,563,3,Furniture,Bookcases,Credit Card
D-25777,1286,-37,4,Electronics,Printers,Credit Card
D-26006,1443,593,5,Electronics,Accessories,Credit Card
D-25697,1143,-14,8,Electronics,Printers,Credit Card
D-25667,9,-2,4,Clothing,Hankerchief,COD
D-25836,1462,74,8,Electronics,Printers,EMI
D-25984,329,86,6,Clothing,Stole,UPI
D-25728,1152,221,5,Electronics,Printers,EMI
D-25757,19,-11,5,Clothing,Skirt,DeDit Card
D-25957,122,77,3,Clothing,Stole,COD
D-26061,910,-71,3,Electronics,Printers,COD
D-25735,10,-2,4,Clothing,Hankerchief,COD
D-25616,16,-2,3,Clothing,Hankerchief,UPI
D-25666,980,-876,8,Electronics,Electronic Games,COD
D-25675,866,-97,8,Clothing,Saree,COD
D-26079,15,3,2,Clothing,Hankerchief,DeDit Card
D-25850,847,229,12,Electronics,Phones,COD
D-25693,71,-62,10,Clothing,Hankerchief,COD
D-25852,949,72,4,Furniture,Tables,COD
D-25860,118,23,2,Clothing,Kurti,COD
D-25853,45,16,6,Clothing,Skirt,UPI
D-25898,847,-298,2,Furniture,Tables,COD
D-26100,702,248,2,Furniture,Chairs,COD
D-25653,1388,-766,9,Electronics,Printers,EMI
D-25839,1380,414,7,Clothing,Saree,EMI
D-25651,843,-15,8,Furniture,Chairs,COD
D-25957,1282,-14,8,Furniture,Bookcases,Credit Card
D-25704,126,-65,3,Electronics,Accessories,UPI
D-25730,1155,-642,4,Electronics,Phones,Credit Card
D-26052,752,141,3,Electronics,Accessories,COD
D-25656,19,-1,2,Clothing,Hankerchief,COD
D-26033,653,197,3,Electronics,Accessories,COD
D-25850,76,-1,2,Clothing,Hankerchief,COD
D-25945,807,-33,3,Electronics,Electronic Games,COD
D-26086,705,90,7,Electronics,Printers,COD
D-25752,764,251,9,Electronics,Electronic Games,COD
D-26098,112,-40,5,Clothing,Leggings,UPI
D-26067,1023,-14,7,Electronics,Printers,EMI
D-25730,17,7,2,Clothing,Hankerchief,DeDit Card
D-25986,826,-344,6,Furniture,Furnishings,COD
D-26067,999,178,6,Clothing,Saree,EMI
D-25953,618,121,6,Electronics,Printers,COD
D-25952,13,0,4,Clothing,Hankerchief,UPI
D-25903,16,8,2,Clothing,Hankerchief,DeDit Card
D-25650,600,-228,5,Clothing,Saree,COD
D-25970,833,184,2,Furniture,Bookcases,COD
D-26062,46,-37,3,Clothing,Stole,COD
D-25643,1219,-38,9,Furniture,Bookcases,EMI
D-25632,21,-2,2,Clothing,Leggings,DeDit Card
D-25821,15,0,1,Clothing,Hankerchief,COD
D-25878,857,273,4,Furniture,Bookcases,COD
D-25752,747,-257,5,Electronics,Printers,COD
D-25750,21,-1,1,Clothing,Shirt,DeDit Card
D-25657,1183,-40,4,Electronics,Electronic Games,EMI
D-25787,516,-214,6,Clothing,Saree,COD
D-25808,53,-20,6,Clothing,Leggings,COD
D-25885,654,216,2,Furniture,Chairs,COD
D-25778,906,179,5,Clothing,Saree,Credit Card
D-25759,23,-8,6,Clothing,Hankerchief,DeDit Card
D-25747,1004,401,2,Furniture,Bookcases,Credit Card
D-25878,577,254,7,Furniture,Chairs,COD
D-25603,12,1,2,Clothing,Hankerchief,COD
D-25691,690,62,4,Clothing,Saree,COD
D-25607,44,-14,5,Clothing,Leggings,COD
D-25708,601,-107,6,Electronics,Phones,COD
D-26021,20,-13,3,Clothing,Hankerchief,DeDit Card
D-25831,816,297,5,Clothing,Saree,COD
D-25850,22,1,4,Clothing,Hankerchief,COD
D-25670,24,1,2,Clothing,Hankerchief,UPI
D-25852,26,1,2,Clothing,Hankerchief,COD
D-26029,20,12,1,Clothing,T-shirt,DeDit Card
D-25959,810,303,3,Furniture,Chairs,COD
D-25676,799,-190,2,Furniture,Tables,COD
D-26097,604,-351,6,Electronics,Electronic Games,COD
D-25888,645,-215,3,Electronics,Electronic Games,COD
D-25911,37,16,1,Clothing,Kurti,COD
D-25662,22,-2,2,Clothing,T-shirt,COD
D-25950,525,184,2,Electronics,Printers,COD
D-25847,671,191,2,Electronics,Printers,COD
D-25796,633,-357,6,Clothing,Saree,COD
D-25693,519,352,7,Clothing,Saree,COD
D-25993,556,225,3,Electronics,Printers,COD
D-26052,91,-23,6,Clothing,Kurti,UPI
D-25930,533,110,4,Furniture,Bookcases,COD
D-25785,510,264,3,Clothing,Saree,COD
D-26093,848,48,5,Furniture,Bookcases,Credit Card
D-26053,709,74,3,Furniture,Bookcases,COD
D-26019,525,206,14,Clothing,T-shirt,COD
D-26070,622,268,6,Furniture,Furnishings,COD
D-25870,933,77,6,Clothing,Saree,Credit Card
D-25855,742,18,5,Electronics,Printers,Credit Card
D-25602,612,208,3,Clothing,Saree,COD
D-25728,730,-441,2,Electronics,Phones,Credit Card
D-25803,805,8,5,Clothing,Saree,EMI
D-25996,33,2,2,Clothing,Hankerchief,COD
D-26078,565,-111,2,Electronics,Electronic Games,COD
D-25803,633,444,2,Electronics,Printers,Credit Card
D-25682,618,-83,11,Electronics,Phones,COD
D-25749,977,-72,4,Furniture,Bookcases,UPI
D-25962,476,-178,3,Furniture,Bookcases,COD
D-25899,18,8,2,Clothing,Leggings,DeDit Card
D-25845,785,418,2,Electronics,Printers,Credit Card
D-25951,795,189,2,Furniture,Bookcases,Credit Card
D-25828,433,123,3,Clothing,Saree,COD
D-25803,539,104,1,Clothing,Trousers,COD
D-25656,5,3,1,Clothing,Hankerchief,COD
D-25681,553,228,6,Clothing,Trousers,COD
D-25658,23,8,2,Clothing,T-shirt,UPI
D-25698,555,326,9,Furniture,Chairs,COD
D-25832,481,111,3,Furniture,Bookcases,COD
D-25886,590,73,5,Electronics,Phones,COD
D-25897,628,230,6,Electronics,Electronic Games,Credit Card
D-25873,39,11,2,Clothing,Kurti,COD
D-25858,25,13,4,Clothing,Skirt,COD
D-25867,281,13,6,Clothing,Kurti,UPI
D-25633,571,-89,2,Clothing,Trousers,COD
D-25609,438,25,4,Electronics,Electronic Games,COD
D-25896,33,-13,3,Clothing,Skirt,UPI
D-26000,762,177,3,Electronics,Printers,Credit Card
D-25959,24,8,2,Clothing,Hankerchief,DeDit Card
D-25940,13,3,2,Clothing,Hankerchief,COD
D-26087,161,0,9,Clothing,Stole,COD
D-26055,562,99,8,Electronics,Phones,Credit Card
D-25980,25,11,3,Clothing,Kurti,COD
D-25653,775,-30,4,Electronics,Printers,Credit Card
D-26052,153,0,3,Clothing,Saree,UPI
D-25877,22,8,2,Clothing,Skirt,DeDit Card
D-25608,447,0,3,Furniture,Chairs,COD
D-25897,26,9,6,Clothing,Hankerchief,DeDit Card
D-25881,43,3,3,Clothing,Hankerchief,COD
D-25905,176,59,5,Clothing,Stole,UPI
D-25818,36,11,2,Clothing,Leggings,UPI
D-25835,55,13,5,Clothing,Leggings,COD
D-26081,20,11,3,Clothing,Hankerchief,DeDit Card
D-25730,409,39,4,Furniture,Chairs,COD
D-25837,305,50,6,Clothing,Stole,COD
D-25893,64,11,3,Clothing,Kurti,COD
D-25689,377,-387,3,Electronics,Electronic Games,COD
D-26028,1069,578,2,Electronics,Phones,COD
D-26081,180,0,3,Electronics,Accessories,COD
D-25903,20,12,3,Clothing,Leggings,DeDit Card
D-25651,395,-43,4,Clothing,Saree,COD
D-25903,464,66,7,Electronics,Accessories,COD
D-26086,27,2,2,Clothing,Hankerchief,DeDit Card
D-25654,477,-100,3,Electronics,Printers,COD
D-25720,27,-34,1,Furniture,Chairs,COD
D-26057,715,-30,2,Furniture,Bookcases,Credit Card
D-25798,401,177,2,Electronics,Printers,COD
D-25961,415,44,3,Electronics,Printers,COD
D-25701,108,-49,2,Furniture,Chairs,UPI
D-26055,470,13,1,Clothing,Saree,COD
D-25653,487,-45,8,Electronics,Phones,COD
D-25670,697,-31,2,Furniture,Bookcases,Credit Card
D-26056,436,137,2,Clothing,Saree,COD
D-26061,23,7,2,Clothing,T-shirt,DeDit Card
D-25602,402,-229,4,Electronics,Phones,COD
D-26016,183,4,3,Clothing,Hankerchief,COD
D-25873,1144,294,2,Electronics,Phones,UPI
D-25761,497,70,6,Electronics,Phones,COD
D-25819,399,59,3,Electronics,Electronic Games,COD
D-25853,230,54,3,Clothing,Stole,UPI
D-25662,405,-81,10,Furniture,Furnishings,UPI
D-25993,463,184,3,Electronics,Phones,COD
D-25703,97,-47,4,Clothing,Saree,COD
D-25848,668,51,5,Electronics,Electronic Games,Credit Card
D-25678,27,-24,2,Clothing,Shirt,DeDit Card
D-25925,24,10,1,Clothing,Stole,DeDit Card
D-25977,29,1,1,Clothing,Stole,UPI
D-25797,377,-308,8,Furniture,Chairs,COD
D-26067,43,2,5,Clothing,Hankerchief,COD
D-25810,31,8,5,Clothing,Hankerchief,UPI
D-25648,26,13,1,Clothing,T-shirt,UPI
D-25933,485,466,6,Clothing,Saree,COD
D-25942,763,-25,2,Electronics,Printers,Credit Card
D-25656,35,-6,5,Clothing,Stole,UPI
D-26067,586,22,4,Furniture,Bookcases,Credit Card
D-25673,115,-120,5,Clothing,Saree,UPI
D-25797,36,1,2,Clothing,Hankerchief,UPI
D-26098,397,69,3,Clothing,Saree,COD
D-25656,482,114,2,Clothing,Saree,COD
D-25791,670,73,8,Clothing,Saree,Credit Card
D-26053,97,2,6,Clothing,Stole,COD
D-25983,515,120,5,Furniture,Bookcases,Credit Card
D-25743,480,-50,2,Clothing,Trousers,COD
D-25867,35,11,3,Clothing,Stole,UPI
D-25973,369,100,7,Clothing,Hankerchief,COD
D-25895,337,111,2,Furniture,Bookcases,COD
D-26003,509,-130,3,Clothing,Saree,UPI
D-25717,659,251,3,Clothing,Saree,Credit Card
D-26064,66,3,4,Clothing,Hankerchief,COD
D-25630,35,-19,4,Clothing,T-shirt,COD
D-26050,27,6,3,Clothing,Shirt,UPI
D-25786,652,-188,3,Furniture,Tables,UPI
D-26035,622,172,3,Electronics,Phones,Credit Card
D-25693,27,-13,6,Clothing,Saree,UPI
D-25703,32,-5,4,Clothing,Hankerchief,UPI
D-25966,587,201,7,Electronics,Electronic Games,EMI
D-26060,419,63,2,Clothing,Saree,COD
D-25898,36,14,3,Clothing,Leggings,UPI
D-25686,412,-13,2,Clothing,Saree,COD
D-26051,462,84,2,Electronics,Accessories,EMI
D-25854,350,138,2,Clothing,Saree,COD
D-26050,547,141,4,Electronics,Phones,EMI
D-25961,411,94,2,Furniture,Bookcases,COD
D-25701,38,-34,3,Clothing,Shirt,UPI
D-25970,425,126,3,Electronics,Phones,COD
D-25933,208,-111,2,Clothing,Saree,UPI
D-26081,359,-313,6,Furniture,Bookcases,COD
D-25650,393,-51,9,Electronics,Phones,COD
D-25850,514,194,4,Clothing,Saree,EMI
D-25643,40,-21,4,Clothing,Shirt,UPI
D-26100,38,11,2,Clothing,T-shirt,DeDit Card
D-25964,400,88,3,Furniture,Chairs,COD
D-25676,320,-120,3,Electronics,Electronic Games,COD
D-25628,33,-8,2,Furniture,Furnishings,DeDit Card
D-25891,101,43,5,Clothing,Stole,UPI
D-25903,347,61,2,Electronics,Phones,COD
D-25851,274,82,2,Furniture,Bookcases,COD
D-26089,27,4,1,Clothing,Hankerchief,COD
D-25996,339,52,2,Electronics,Phones,COD
D-25881,33,6,3,Clothing,Leggings,DeDit Card
D-25621,345,-15,3,Electronics,Phones,COD
D-25727,266,98,3,Clothing,Trousers,COD
D-25843,15,7,3,Clothing,Hankerchief,UPI
D-26050,367,32,7,Clothing,T-shirt,COD
D-25741,455,-6,7,Electronics,Electronic Games,EMI
D-25756,396,-27,5,Electronics,Phones,EMI
D-25787,40,-10,2,Clothing,Shirt,COD
D-25603,119,39,6,Clothing,Stole,COD
D-25655,277,-259,6,Furniture,Chairs,COD
D-26096,473,21,3,Electronics,Phones,EMI
D-25962,260,50,1,Electronics,Electronic Games,COD
D-26007,255,85,2,Furniture,Bookcases,COD
D-26088,11,5,2,Clothing,Hankerchief,UPI
D-25673,38,-5,3,Clothing,T-shirt,DeDit Card
D-25664,468,-184,4,Electronics,Phones,EMI
D-25642,473,24,10,Clothing,Shirt,Credit Card
D-25987,356,0,6,Clothing,Stole,COD
D-25903,37,18,3,Clothing,Hankerchief,DeDit Card
D-25770,278,99,2,Furniture,Bookcases,COD
D-25840,333,64,2,Furniture,Bookcases,COD
D-25846,85,6,7,Clothing,Leggings,UPI
D-25745,289,239,12,Clothing,Saree,COD
D-26073,31,19,3,Clothing,Hankerchief,DeDit Card
D-26030,236,84,2,Electronics,Printers,COD
D-25678,388,-32,1,Electronics,Phones,COD
D-26035,330,99,10,Clothing,Saree,COD
D-25896,309,-78,6,Clothing,Kurti,COD
D-25989,40,14,1,Electronics,Accessories,UPI
D-26016,373,68,2,Electronics,Electronic Games,Credit Card
D-26009,246,134,2,Electronics,Printers,COD
D-25915,249,3,1,Electronics,Electronic Games,COD
D-25845,279,-6,4,Electronics,Phones,COD
D-25645,296,-74,3,Electronics,Phones,COD
D-25803,286,95,1,Electronics,Electronic Games,COD
D-26030,10,6,1,Clothing,Skirt,COD
D-25955,46,2,2,Clothing,Saree,DeDit Card
D-26096,289,-26,3,Clothing,Trousers,COD
D-25635,41,13,3,Clothing,Hankerchief,DeDit Card
D-26038,43,23,2,Clothing,T-shirt,DeDit Card
D-25791,245,-71,2,Clothing,Saree,UPI
D-26014,365,89,7,Furniture,Chairs,Credit Card
D-25751,30,8,3,Clothing,Hankerchief,COD
D-25962,287,71,2,Electronics,Printers,COD
D-26025,33,20,4,Clothing,Hankerchief,DeDit Card
D-26048,339,14,5,Furniture,Chairs,Credit Card
D-25635,313,34,3,Clothing,Saree,Credit Card
D-25981,708,267,5,Electronics,Phones,COD
D-25610,49,0,3,Clothing,Saree,DeDit Card
D-25733,47,-40,8,Clothing,Stole,DeDit Card
D-25977,73,34,3,Clothing,Stole,COD
D-25655,37,-23,3,Clothing,Hankerchief,DeDit Card
D-25612,258,-52,2,Furniture,Chairs,COD
D-25608,254,22,5,Clothing,Hankerchief,COD
D-25752,66,26,5,Clothing,Stole,COD
D-25700,43,-33,3,Clothing,Stole,DeDit Card
D-25856,247,4,2,Clothing,Saree,COD
D-26026,267,68,10,Clothing,Hankerchief,COD
D-25861,46,12,3,Clothing,Hankerchief,DeDit Card
D-25673,37,-2,4,Clothing,Shirt,COD
D-25681,42,-3,1,Clothing,Saree,DeDit Card
D-26051,401,126,2,Clothing,Saree,Credit Card
D-25951,250,91,3,Clothing,Trousers,COD
D-25799,51,-17,2,Furniture,Chairs,COD
D-26053,262,70,2,Furniture,Bookcases,COD
D-26030,43,28,5,Clothing,Stole,COD
D-26054,204,114,4,Clothing,Hankerchief,COD
D-25696,47,89,2,Clothing,Kurti,DeDit Card
D-25660,199,-86,3,Clothing,Saree,COD
D-25858,253,30,2,Clothing,Saree,COD
D-26045,442,0,8,Clothing,Stole,Credit Card
D-25850,46,1,3,Clothing,T-shirt,DeDit Card
D-25781,43,-31,2,Clothing,Stole,DeDit Card
D-25918,258,-130,5,Furniture,Furnishings,COD
D-25971,240,72,2,Furniture,Bookcases,COD
D-25870,10,4,1,Clothing,Kurti,UPI
D-25770,441,215,4,Furniture,Bookcases,Credit Card
D-25757,44,16,5,Clothing,Skirt,DeDit Card
D-25699,58,-25,2,Clothing,Stole,UPI
D-25776,55,-17,2,Clothing,Kurti,DeDit Card
D-25893,312,-97,6,Clothing,Stole,Credit Card
D-25985,26,9,5,Clothing,Hankerchief,UPI
D-25681,204,-16,2,Furniture,Chairs,COD
D-26063,195,-68,4,Electronics,Electronic Games,COD
D-26032,39,15,5,Clothing,Saree,DeDit Card
D-26001,54,-11,6,Clothing,Skirt,DeDit Card
D-26056,12,7,2,Clothing,Hankerchief,COD
D-25850,137,24,3,Clothing,Stole,COD
D-25767,340,-29,3,Electronics,Electronic Games,UPI
D-25693,55,-30,1,Electronics,Phones,UPI
D-25850,59,17,4,Clothing,Leggings,DeDit Card
D-25796,218,-166,5,Furniture,Chairs,COD
D-26053,23,6,3,Clothing,Skirt,COD
D-25650,257,23,2,Clothing,Saree,COD
D-25961,50,17,2,Clothing,Shirt,COD
D-26023,76,24,3,Clothing,Stole,UPI
D-25809,58,21,1,Clothing,Hankerchief,DeDit Card
D-25621,261,-10,6,Electronics,Electronic Games,COD
D-25854,48,-2,3,Clothing,Saree,DeDit Card
D-26057,47,7,4,Clothing,T-shirt,DeDit Card
D-25688,387,-376,4,Clothing,Saree,Credit Card
D-25885,392,0,7,Clothing,Stole,Credit Card
D-25753,408,-71,6,Clothing,Trousers,Credit Card
D-25981,52,12,3,Clothing,Saree,DeDit Card
D-26055,54,8,2,Clothing,Shirt,UPI
D-25714,378,18,7,Clothing,Shirt,Credit Card
D-26055,213,49,6,Clothing,Stole,COD
D-25989,387,89,1,Furniture,Bookcases,Credit Card
D-25710,247,-40,7,Furniture,Furnishings,UPI
D-25773,218,-125,3,Furniture,Chairs,COD
D-25661,61,-31,2,Furniture,Chairs,DeDit Card
D-26021,54,23,1,Clothing,Stole,UPI
D-26057,188,89,2,Clothing,Trousers,COD
D-25858,259,22,2,Furniture,Bookcases,COD
D-25857,325,43,10,Electronics,Accessories,Credit Card
D-25656,63,15,2,Clothing,Hankerchief,DeDit Card
D-25999,207,68,8,Clothing,Shirt,COD
D-25856,12,2,2,Clothing,Skirt,COD
D-25926,54,7,6,Clothing,Leggings,DeDit Card
D-25728,259,-107,5,Clothing,Saree,Credit Card
D-26076,255,4,2,Clothing,Saree,COD
D-25913,86,18,6,Clothing,Stole,UPI
D-25703,44,-25,4,Clothing,Saree,COD
D-25858,258,0,1,Clothing,Saree,COD
D-25727,67,-58,5,Clothing,Leggings,DeDit Card
D-26020,328,97,6,Electronics,Accessories,Credit Card
D-26003,332,-8,3,Furniture,Chairs,Credit Card
D-25925,308,-45,3,Electronics,Electronic Games,Credit Card
D-26087,285,46,1,Electronics,Electronic Games,EMI
D-25810,286,77,3,Electronics,Accessories,EMI
D-25858,314,104,6,Electronics,Accessories,EMI
D-25861,238,-80,2,Electronics,Electronic Games,COD
D-25661,65,-45,2,Furniture,Chairs,DeDit Card
D-25943,54,16,4,Clothing,Stole,UPI
D-25955,45,15,3,Clothing,T-shirt,UPI
D-26051,216,47,3,Clothing,Stole,COD
D-25999,177,-34,2,Clothing,Saree,COD
D-26083,44,7,3,Clothing,Leggings,COD
D-25950,133,-34,5,Clothing,Saree,COD
D-25625,68,-30,3,Clothing,Leggings,DeDit Card
D-26055,200,4,16,Clothing,Shirt,COD
D-26023,50,17,2,Clothing,Stole,DeDit Card
D-26010,47,3,3,Clothing,T-shirt,COD
D-25955,325,64,11,Clothing,T-shirt,EMI
D-25900,220,64,2,Electronics,Phones,COD
D-26089,50,25,6,Clothing,Kurti,DeDit Card
D-25655,330,-33,10,Clothing,Saree,COD
D-25979,307,50,2,Furniture,Bookcases,EMI
D-26002,229,47,4,Clothing,Saree,EMI
D-25635,26,2,2,Clothing,Skirt,UPI
D-26084,226,-63,5,Electronics,Electronic Games,COD
D-25998,42,-23,6,Furniture,Furnishings,COD
D-25872,48,22,2,Clothing,Shirt,COD
D-25795,330,-20,2,Electronics,Phones,EMI
D-25902,255,7,2,Furniture,Bookcases,UPI
D-25650,255,120,4,Clothing,Trousers,EMI
D-25957,235,2,1,Clothing,Saree,COD
D-25793,71,-12,4,Clothing,Hankerchief,DeDit Card
D-25654,321,-84,2,Electronics,Electronic Games,EMI
D-25750,229,-21,2,Clothing,Saree,COD
D-25835,26,2,2,Clothing,Leggings,UPI
D-25652,172,-201,2,Clothing,Saree,COD
D-26018,68,7,4,Clothing,Hankerchief,DeDit Card
D-25750,217,-21,2,Furniture,Chairs,COD
D-25840,254,67,6,Clothing,Saree,EMI
D-25756,237,302,3,Furniture,Bookcases,COD
D-25777,50,-55,8,Clothing,T-shirt,UPI
D-25750,198,-21,2,Clothing,Saree,COD
D-25823,47,6,1,Electronics,Accessories,UPI
D-26096,44,9,3,Clothing,Leggings,UPI
D-25757,174,20,9,Clothing,Stole,COD
D-25698,55,-18,2,Electronics,Phones,DeDit Card
D-25710,21,0,4,Clothing,Skirt,UPI
D-25994,208,-7,4,Electronics,Phones,COD
D-25950,287,15,6,Clothing,Shirt,Credit Card
D-25653,202,-112,5,Electronics,Phones,COD
D-25785,227,-150,3,Clothing,Saree,COD
D-25863,180,90,8,Clothing,Stole,COD
D-25959,29,2,2,Clothing,Kurti,UPI
D-25991,216,12,7,Clothing,Shirt,COD
D-25680,65,-23,3,Clothing,Saree,COD
D-25910,307,38,4,Clothing,Hankerchief,Credit Card
D-25737,151,-12,2,Clothing,Trousers,COD
D-25853,31,12,2,Clothing,Hankerchief,UPI
D-26097,151,-24,6,Furniture,Chairs,COD
D-25875,287,8,2,Clothing,Saree,Credit Card
D-26031,68,8,5,Clothing,Leggings,DeDit Card
D-25773,297,-82,3,Furniture,Chairs,Credit Card
D-25840,204,55,2,Furniture,Bookcases,Credit Card
D-25908,183,-24,5,Clothing,Kurti,COD
D-26041,209,-32,5,Furniture,Furnishings,COD
D-26010,178,-15,5,Furniture,Furnishings,COD
D-25640,72,-54,2,Clothing,Trousers,DeDit Card
D-25794,190,41,6,Electronics,Accessories,COD
D-25987,86,11,6,Clothing,Hankerchief,UPI
D-25615,71,20,6,Clothing,Hankerchief,DeDit Card
D-25997,239,84,2,Electronics,Electronic Games,Credit Card
D-25981,72,7,2,Clothing,T-shirt,UPI
D-25791,143,84,3,Clothing,Saree,COD
D-25986,65,4,4,Clothing,Leggings,DeDit Card
D-25652,205,-68,2,Electronics,Accessories,COD
D-25952,200,75,3,Furniture,Chairs,COD
D-25898,168,2,2,Electronics,Electronic Games,COD
D-25785,281,-22,3,Clothing,Saree,COD
D-25990,65,33,3,Clothing,Saree,DeDit Card
D-26091,25,9,5,Clothing,Hankerchief,UPI
D-25604,64,19,2,Clothing,T-shirt,UPI
D-25754,68,-49,6,Clothing,Kurti,DeDit Card
D-25724,174,-60,2,Furniture,Bookcases,COD
D-25757,137,25,3,Clothing,Stole,COD
D-25767,88,-49,2,Electronics,Accessories,DeDit Card
D-25886,106,16,2,Clothing,Stole,UPI
D-25621,246,57,3,Electronics,Electronic Games,Credit Card
D-25967,121,-22,4,Furniture,Furnishings,COD
D-25691,69,-29,4,Clothing,Stole,UPI
D-25953,75,18,3,Clothing,T-shirt,UPI
D-25651,8,0,1,Clothing,Leggings,COD
D-25828,192,39,5,Clothing,Saree,Credit Card
D-25628,255,-9,5,Clothing,Saree,Credit Card
D-25703,47,-26,2,Furniture,Furnishings,UPI
D-25929,255,-112,3,Furniture,Chairs,Credit Card
D-25748,51,-21,2,Electronics,Electronic Games,COD
D-25610,71,-45,5,Electronics,Accessories,UPI
D-25903,72,27,2,Clothing,Shirt,DeDit Card
D-25878,194,53,4,Furniture,Furnishings,COD
D-26056,116,9,2,Clothing,Hankerchief,UPI
D-26004,133,74,2,Electronics,Electronic Games,COD
D-25699,16,-21,1,Furniture,Furnishings,UPI
D-26053,154,52,3,Clothing,Stole,COD
D-25654,257,-27,2,Clothing,Saree,UPI
D-25954,32,0,2,Clothing,Leggings,COD
D-25910,589,7,6,Clothing,Trousers,UPI
D-26064,78,2,4,Clothing,Leggings,DeDit Card
D-25983,153,-235,8,Furniture,Furnishings,COD
D-26002,84,22,3,Clothing,T-shirt,COD
D-25650,240,-86,2,Clothing,Saree,Credit Card
D-26043,90,5,5,Clothing,Hankerchief,DeDit Card
D-25657,32,-20,4,Clothing,Saree,UPI
D-25838,156,44,4,Clothing,Stole,COD
D-25651,145,5,1,Clothing,Saree,COD
D-25808,173,-45,5,Clothing,Hankerchief,Credit Card
D-25973,91,41,2,Clothing,Shirt,DeDit Card
D-25698,233,135,3,Clothing,Saree,Credit Card
D-25818,43,0,4,Clothing,Kurti,COD
D-26061,247,12,1,Electronics,Printers,Credit Card
D-25878,47,0,4,Clothing,Leggings,COD
D-26054,173,24,3,Clothing,Stole,COD
D-25809,181,51,3,Clothing,Hankerchief,COD
D-26042,41,13,3,Clothing,Stole,UPI
D-26008,185,44,4,Clothing,Hankerchief,Credit Card
D-25927,196,6,4,Electronics,Electronic Games,Credit Card
D-26008,169,-1,1,Clothing,Saree,Credit Card
D-25753,182,25,6,Clothing,T-shirt,COD
D-25948,158,24,3,Furniture,Furnishings,COD
D-26094,136,50,5,Clothing,Stole,COD
D-25654,130,-18,3,Furniture,Furnishings,UPI
D-25854,156,55,7,Clothing,Stole,COD
D-25623,141,-95,3,Clothing,Saree,COD
D-25985,167,17,3,Clothing,Kurti,Credit Card
D-25723,81,-58,3,Electronics,Electronic Games,COD
D-25751,223,-15,2,Electronics,Electronic Games,COD
D-26050,88,27,3,Clothing,Saree,DeDit Card
D-25800,45,12,8,Clothing,Hankerchief,UPI
D-25673,170,-1,1,Clothing,Saree,COD
D-26002,82,19,3,Clothing,Stole,DeDit Card
D-26009,200,14,9,Clothing,Shirt,Credit Card
D-25754,22,0,3,Clothing,Skirt,UPI
D-25953,78,44,3,Clothing,Stole,DeDit Card
D-26039,71,33,5,Clothing,Shirt,DeDit Card
D-26001,121,16,4,Furniture,Furnishings,COD
D-25620,213,49,1,Electronics,Printers,Credit Card
D-26051,89,24,10,Clothing,Hankerchief,DeDit Card
D-25673,48,-14,5,Clothing,Saree,UPI
D-25721,132,-40,2,Electronics,Phones,COD
D-25764,22,0,2,Clothing,Kurti,COD
D-25645,69,0,4,Clothing,T-shirt,DeDit Card
D-26066,81,18,2,Clothing,Saree,DeDit Card
D-26003,82,18,3,Clothing,T-shirt,COD
D-25712,185,-242,3,Electronics,Phones,Credit Card
D-25796,144,0,3,Clothing,Saree,COD
D-25738,81,-12,2,Furniture,Furnishings,UPI
D-25771,139,55,3,Clothing,Hankerchief,COD
D-25950,191,21,8,Furniture,Furnishings,Credit Card
D-26038,58,14,2,Clothing,Stole,COD
D-26004,141,39,3,Clothing,Saree,COD
D-25896,199,78,10,Clothing,T-shirt,Credit Card
D-25601,92,-65,5,Electronics,Electronic Games,UPI
D-25952,173,55,3,Clothing,Saree,COD
D-25873,57,11,3,Clothing,Stole,COD
D-25844,101,8,2,Clothing,Saree,DeDit Card
D-26054,88,23,2,Clothing,Shirt,DeDit Card
D-25953,170,-214,2,Electronics,Electronic Games,Credit Card
D-25951,88,24,2,Clothing,Stole,UPI
D-26065,174,16,6,Clothing,Stole,COD
D-26033,143,32,1,Furniture,Bookcases,COD
D-25781,23,-1,5,Clothing,Kurti,COD
D-26043,32,12,3,Clothing,Skirt,UPI
D-25787,125,-58,4,Furniture,Furnishings,COD
D-25664,69,-40,1,Furniture,Bookcases,UPI
D-25825,119,6,6,Clothing,Saree,COD
D-25818,24,16,3,Clothing,Hankerchief,COD
D-25765,120,13,3,Clothing,Stole,COD
D-25853,26,16,4,Clothing,Hankerchief,UPI
D-26030,94,43,3,Clothing,Shirt,UPI
D-25730,163,26,4,Electronics,Accessories,Credit Card
D-26054,130,21,3,Electronics,Accessories,COD
D-25773,506,-13,2,Clothing,Saree,UPI
D-25717,137,-3,5,Clothing,Saree,COD
D-26010,91,13,2,Clothing,Shirt,UPI
D-25893,72,13,3,Clothing,Stole,UPI
D-26076,80,25,2,Clothing,Stole,UPI
D-25803,112,5,5,Clothing,Shirt,COD
D-25709,29,-14,6,Clothing,Saree,UPI
D-25755,122,-34,2,Furniture,Chairs,COD
D-25684,117,36,2,Furniture,Chairs,COD
D-25739,111,-60,2,Furniture,Chairs,COD
D-26081,79,-94,3,Clothing,Saree,UPI
D-25662,85,-19,1,Electronics,Electronic Games,UPI
D-25845,116,62,6,Clothing,Stole,COD
D-26085,125,-12,3,Clothing,Saree,COD
D-25745,132,-72,6,Furniture,Furnishings,COD
D-25999,100,-78,5,Clothing,Stole,UPI
D-26082,77,4,2,Clothing,Stole,UPI
D-26097,109,11,2,Clothing,Hankerchief,UPI
D-25731,138,-135,8,Furniture,Furnishings,COD
D-25625,81,34,2,Clothing,Hankerchief,UPI
D-25853,147,4,3,Clothing,Saree,COD
D-25703,217,207,8,Clothing,Shirt,Credit Card
D-26003,106,46,4,Clothing,Hankerchief,COD
D-25803,168,50,5,Clothing,Stole,Credit Card
D-25719,33,8,2,Clothing,Stole,COD
D-25883,140,33,3,Furniture,Furnishings,COD
D-25891,85,40,7,Clothing,Hankerchief,UPI
D-25821,110,0,3,Electronics,Accessories,COD
D-25646,284,-9,2,Clothing,Saree,COD
D-25874,123,52,6,Clothing,T-shirt,COD
D-25717,94,20,3,Clothing,Shirt,COD
D-26073,116,12,4,Clothing,Hankerchief,COD
D-25800,120,-70,7,Electronics,Accessories,COD
D-25991,99,26,2,Furniture,Chairs,UPI
D-25638,148,-13,3,Furniture,Bookcases,Credit Card
D-26021,110,57,7,Furniture,Furnishings,COD
D-25882,131,16,4,Clothing,Stole,COD
D-26053,139,1,1,Furniture,Chairs,COD
D-25951,121,24,5,Clothing,Stole,COD
D-25757,34,-11,5,Clothing,T-shirt,COD
D-25777,99,18,5,Clothing,Kurti,COD
D-26040,37,10,2,Clothing,Stole,COD
D-25696,119,-5,4,Electronics,Phones,COD
D-25977,161,59,3,Clothing,T-shirt,Credit Card
D-25743,90,-4,1,Clothing,Saree,UPI
D-25651,164,-118,3,Furniture,Chairs,EMI
D-25603,94,18,4,Clothing,Stole,COD
D-25696,108,-4,1,Clothing,Saree,COD
D-26037,151,74,7,Clothing,Stole,EMI
D-26098,43,13,5,Clothing,Skirt,COD
D-25697,98,-39,3,Clothing,Trousers,COD
D-25920,116,8,2,Clothing,T-shirt,UPI
D-25993,46,8,2,Clothing,Stole,COD
D-26089,149,13,3,Clothing,Kurti,COD
D-25960,191,-140,2,Furniture,Bookcases,EMI
D-25917,100,14,2,Clothing,T-shirt,UPI
D-25825,96,23,7,Clothing,Stole,COD
D-25696,170,-8,3,Clothing,Saree,COD
D-25972,119,51,2,Electronics,Accessories,COD
D-25602,184,-125,2,Electronics,Phones,EMI
D-25736,30,-6,4,Clothing,Skirt,UPI
D-26003,97,37,5,Furniture,Furnishings,COD
D-25970,101,8,4,Clothing,Stole,COD
D-25742,10,-8,2,Clothing,Skirt,UPI
D-25770,116,34,1,Furniture,Furnishings,COD
D-26098,61,16,2,Clothing,T-shirt,UPI
D-26050,156,29,2,Electronics,Accessories,EMI
D-25778,130,-6,6,Clothing,Saree,COD
D-25652,35,-6,3,Clothing,Leggings,COD
D-25999,98,45,1,Furniture,Furnishings,COD
D-25909,91,22,3,Electronics,Accessories,COD
D-25823,89,60,2,Furniture,Furnishings,UPI
D-25701,9,-8,2,Clothing,Skirt,COD
D-25855,78,14,3,Clothing,Hankerchief,COD
D-25654,92,49,2,Clothing,Stole,UPI
D-25623,96,19,2,Clothing,Stole,DeDit Card
D-25641,19,-6,1,Furniture,Furnishings,COD
D-25852,122,-27,4,Clothing,Kurti,COD
D-25958,87,22,2,Clothing,Hankerchief,EMI
D-25802,25,-8,4,Clothing,Saree,UPI
D-25823,100,2,2,Furniture,Furnishings,COD
D-25834,19,6,1,Clothing,Stole,UPI
D-25678,54,-6,3,Clothing,Saree,COD
D-25774,36,-6,2,Furniture,Furnishings,UPI
D-25904,99,13,2,Furniture,Chairs,COD
D-25896,118,36,2,Clothing,Hankerchief,COD
D-25796,42,-6,1,Clothing,Saree,UPI
D-25934,95,29,5,Clothing,Saree,EMI
D-25750,68,-5,2,Furniture,Furnishings,UPI
D-25761,109,-83,1,Clothing,Saree,COD
D-25912,120,12,6,Clothing,T-shirt,COD
D-25751,10,-9,1,Clothing,Kurti,UPI
D-25656,104,21,11,Clothing,Skirt,COD
D-25647,38,-7,4,Clothing,Saree,UPI
D-25861,62,20,2,Clothing,Hankerchief,UPI
D-25802,83,5,2,Clothing,Stole,COD
D-25901,148,2,3,Furniture,Furnishings,EMI
D-25623,153,80,3,Clothing,Stole,EMI
D-25751,106,0,2,Electronics,Phones,EMI
D-26052,91,16,4,Clothing,T-shirt,COD
D-25886,91,31,3,Clothing,Shirt,COD
D-25804,163,35,4,Clothing,T-shirt,EMI
D-25734,99,-19,4,Electronics,Electronic Games,UPI
D-25610,110,-62,4,Clothing,Stole,EMI
D-25711,86,-59,5,Clothing,Hankerchief,COD
D-25985,107,25,4,Clothing,Shirt,UPI
D-25864,101,7,4,Clothing,Stole,COD
D-25648,82,-19,1,Electronics,Phones,COD
D-26086,40,16,2,Clothing,T-shirt,UPI
D-25835,132,21,3,Clothing,Stole,EMI
D-25949,125,10,4,Clothing,Hankerchief,EMI
D-25930,181,34,6,Clothing,Hankerchief,EMI
D-25655,102,-62,4,Clothing,Saree,EMI
D-25757,110,10,2,Furniture,Furnishings,COD
D-25655,87,-57,2,Clothing,Trousers,COD
D-26033,119,41,6,Clothing,Shirt,COD
D-26083,50,19,1,Electronics,Accessories,COD
D-25805,116,17,2,Furniture,Chairs,COD
D-25955,109,16,5,Clothing,Stole,DeDit Card
D-25762,95,-6,2,Clothing,Saree,UPI
D-25919,103,13,8,Clothing,Stole,DeDit Card
D-25853,111,10,4,Furniture,Furnishings,COD
D-25925,1390,16,3,Furniture,Chairs,UPI
D-26023,34,0,2,Furniture,Furnishings,COD
D-26055,80,31,2,Clothing,T-shirt,COD
D-25653,126,21,1,Electronics,Accessories,COD
D-25893,175,16,3,Clothing,Saree,EMI
D-26052,129,23,5,Clothing,Kurti,EMI
D-25830,77,13,2,Electronics,Accessories,COD
D-26040,124,22,3,Clothing,Hankerchief,DeDit Card
D-25981,49,2,3,Clothing,Stole,COD
D-25954,168,9,1,Electronics,Electronic Games,UPI
D-25889,98,10,3,Clothing,T-shirt,DeDit Card
D-25810,103,44,2,Clothing,Stole,COD
D-25637,103,13,3,Clothing,Shirt,UPI
D-25801,18,-9,4,Clothing,Leggings,COD
D-25783,29,-11,5,Clothing,Leggings,UPI
D-25697,128,7,4,Electronics,Accessories,DeDit Card
D-26028,123,0,1,Electronics,Accessories,DeDit Card
D-25851,91,33,5,Clothing,T-shirt,COD
D-25938,58,1,2,Furniture,Furnishings,COD
D-25820,137,1,1,Furniture,Chairs,COD
D-25850,112,42,2,Clothing,Trousers,DeDit Card
D-25924,167,47,2,Furniture,Chairs,UPI
D-25609,243,-4,4,Clothing,Saree,COD
D-25898,140,65,3,Clothing,Stole,UPI
D-25814,116,39,8,Clothing,T-shirt,EMI
D-26087,110,46,8,Clothing,Saree,EMI
D-25901,99,28,2,Clothing,T-shirt,COD
D-26025,32,1,2,Clothing,Stole,COD
D-25631,79,-102,2,Furniture,Furnishings,COD
D-25954,169,67,1,Electronics,Phones,UPI
D-25956,85,-31,4,Clothing,Shirt,COD
D-26096,90,12,3,Electronics,Accessories,COD
D-25862,141,43,4,Clothing,Stole,EMI
D-26054,92,17,2,Clothing,Saree,COD
D-25698,74,-70,6,Clothing,Kurti,COD
D-25606,102,5,2,Clothing,Shirt,COD
D-25928,128,16,3,Electronics,Accessories,EMI
D-26005,81,11,3,Clothing,Stole,COD
D-25963,45,9,3,Furniture,Furnishings,UPI
D-25952,97,-33,8,Clothing,Skirt,COD
D-25683,90,-55,5,Clothing,Saree,COD
D-25914,127,21,3,Clothing,Stole,EMI
D-25828,148,-3,3,Clothing,Saree,DeDit Card
D-25743,160,-121,6,Clothing,Saree,UPI
D-26085,74,24,2,Clothing,Saree,COD
D-25869,80,9,3,Clothing,Saree,COD
D-25773,76,-10,4,Clothing,Saree,COD
D-25700,142,-73,5,Clothing,Shirt,DeDit Card
D-25921,68,-44,2,Electronics,Accessories,COD
D-25730,85,-85,3,Furniture,Chairs,COD
D-26083,158,6,2,Electronics,Accessories,UPI
D-25849,387,133,3,Electronics,Phones,UPI
D-25909,303,109,4,Electronics,Phones,UPI
D-26038,147,61,3,Clothing,Shirt,DeDit Card
D-25999,128,-3,5,Clothing,Saree,COD
D-25928,28,10,1,Furniture,Furnishings,UPI
D-25878,119,15,5,Clothing,Stole,UPI
D-25843,43,0,2,Clothing,Stole,UPI
D-25959,148,58,3,Clothing,Shirt,COD
D-25630,114,12,6,Clothing,Stole,DeDit Card
D-25858,73,14,2,Clothing,Shirt,COD
D-26096,152,56,4,Clothing,Shirt,UPI
D-25838,88,20,7,Clothing,Hankerchief,COD
D-25943,145,31,6,Clothing,Hankerchief,DeDit Card
D-25780,148,-37,3,Electronics,Phones,DeDit Card
D-25949,142,54,2,Clothing,Trousers,DeDit Card
D-25892,125,30,2,Clothing,Shirt,UPI
D-26054,129,9,6,Clothing,Stole,UPI
D-25988,69,-106,10,Clothing,Skirt,COD
D-25939,158,37,3,Electronics,Accessories,UPI
D-26083,150,19,3,Clothing,T-shirt,DeDit Card
D-26078,42,19,2,Clothing,T-shirt,UPI
D-25902,78,6,6,Clothing,Saree,COD
D-25676,93,32,5,Clothing,Shirt,COD
D-26016,115,-14,3,Electronics,Electronic Games,UPI
D-25950,138,5,4,Clothing,Stole,UPI
D-26056,47,18,7,Clothing,Hankerchief,UPI
D-25645,139,-42,1,Electronics,Printers,UPI
D-25906,63,22,2,Clothing,Stole,COD
D-26017,90,6,1,Furniture,Chairs,COD
D-25644,89,-82,8,Furniture,Furnishings,COD
D-25679,78,-41,1,Clothing,Saree,COD
D-25854,82,16,3,Clothing,Hankerchief,COD
D-25670,87,27,3,Clothing,Stole,COD
D-25792,80,-28,3,Clothing,Stole,COD
D-25808,126,-65,4,Electronics,Electronic Games,DeDit Card
D-25750,75,-31,1,Furniture,Bookcases,COD
D-26051,83,20,4,Clothing,Stole,UPI
D-26076,129,54,5,Clothing,Shirt,EMI
D-25946,160,7,2,Electronics,Phones,DeDit Card
D-25648,153,-34,4,Clothing,Saree,EMI
D-25992,165,43,3,Clothing,Shirt,UPI
D-25848,144,18,2,Furniture,Furnishings,DeDit Card
D-25697,62,-7,1,Electronics,Phones,COD
D-25659,177,72,8,Clothing,T-shirt,DeDit Card
D-25716,66,0,4,Clothing,Saree,UPI
D-25652,18,-13,3,Clothing,Leggings,UPI
D-26093,173,27,3,Clothing,Saree,DeDit Card
D-25725,165,-8,4,Electronics,Electronic Games,COD
D-25661,146,-89,5,Furniture,Chairs,UPI
D-25693,75,-45,1,Electronics,Phones,COD
D-25910,120,14,6,Clothing,Shirt,EMI
D-25943,122,15,3,Clothing,Saree,DeDit Card
D-26100,67,15,2,Clothing,Shirt,COD
D-25830,80,0,8,Clothing,Skirt,COD
D-25932,57,-15,4,Furniture,Furnishings,COD
D-25929,144,-89,3,Furniture,Chairs,EMI
D-25708,183,12,7,Furniture,Furnishings,COD
D-25921,173,21,4,Clothing,T-shirt,UPI
D-25755,55,-4,2,Clothing,Stole,UPI
D-25640,115,-53,4,Clothing,Saree,EMI
D-25838,66,21,5,Clothing,Hankerchief,COD
D-26025,170,5,3,Clothing,Stole,EMI
D-25789,66,-71,8,Furniture,Furnishings,COD
D-25697,60,-38,3,Clothing,Stole,COD
D-25797,145,-83,2,Furniture,Bookcases,UPI
D-26064,104,40,7,Clothing,T-shirt,Credit Card
D-25732,14,-5,2,Clothing,Stole,UPI
D-25654,121,-14,3,Furniture,Furnishings,Credit Card
D-25750,41,-14,11,Clothing,Skirt,UPI
D-25751,76,-4,7,Clothing,Hankerchief,COD
D-25889,112,-41,6,Clothing,Kurti,Credit Card
D-25683,160,48,4,Furniture,Furnishings,EMI
D-25602,125,-5,9,Clothing,Saree,Credit Card
D-25871,95,28,4,Clothing,Hankerchief,Credit Card
D-25953,124,18,1,Electronics,Accessories,Credit Card
D-25950,138,-24,10,Clothing,Hankerchief,EMI
D-26091,187,65,3,Clothing,Stole,EMI
D-25753,56,-61,3,Electronics,Accessories,COD
D-25611,155,-63,2,Clothing,Saree,EMI
D-25935,135,21,4,Furniture,Chairs,EMI
D-25886,76,1,4,Clothing,T-shirt,COD
D-25833,64,28,5,Clothing,Hankerchief,UPI
D-25665,172,-91,3,Electronics,Accessories,EMI
D-25694,138,45,7,Clothing,T-shirt,EMI
D-25668,135,20,3,Furniture,Furnishings,COD
D-25945,56,15,2,Clothing,Shirt,COD
D-25954,1033,0,6,Clothing,Saree,COD
D-25818,66,31,10,Clothing,Hankerchief,UPI
D-25861,54,5,4,Clothing,Hankerchief,COD
D-25721,24,-21,7,Clothing,Skirt,UPI
D-26024,166,15,6,Clothing,Stole,DeDit Card
D-26056,72,24,3,Clothing,Stole,UPI
D-26050,140,47,5,Clothing,Saree,DeDit Card
D-25708,36,-6,2,Clothing,Stole,COD
D-25651,43,-8,3,Clothing,Stole,UPI
D-25616,117,-51,5,Clothing,Stole,Credit Card
D-25827,152,21,3,Furniture,Chairs,COD
D-25996,60,6,5,Clothing,Skirt,COD
D-25830,55,1,2,Clothing,Saree,UPI
D-25951,96,9,9,Clothing,Hankerchief,Credit Card
D-25713,138,-64,4,Furniture,Chairs,UPI
D-25678,8,-3,2,Clothing,Skirt,UPI
D-25901,72,31,2,Clothing,Hankerchief,UPI
D-25798,58,-53,4,Clothing,Hankerchief,COD
D-25902,140,30,3,Electronics,Accessories,COD
D-25851,66,1,3,Clothing,Saree,COD
D-25944,163,37,3,Clothing,Saree,DeDit Card
D-25939,49,19,2,Electronics,Accessories,COD
D-25656,53,-21,2,Clothing,Saree,COD
D-25695,186,13,8,Clothing,Shirt,DeDit Card
D-25781,64,-55,9,Clothing,Hankerchief,COD
D-25783,20,-11,1,Clothing,Stole,UPI
D-25867,145,29,4,Clothing,Shirt,COD
D-25993,154,97,1,Electronics,Printers,DeDit Card
D-25755,275,-3,2,Furniture,Bookcases,UPI
D-25880,87,43,2,Clothing,Stole,Credit Card
D-25941,149,40,4,Clothing,Shirt,DeDit Card
D-25757,119,14,8,Clothing,Hankerchief,Credit Card
D-25754,36,-14,6,Clothing,Leggings,UPI
D-25653,178,-9,3,Electronics,Accessories,UPI
D-25821,54,22,4,Clothing,Stole,COD
D-25706,26,-12,4,Clothing,Stole,COD
D-26064,161,0,2,Clothing,Saree,DeDit Card
D-25803,115,11,3,Clothing,Trousers,Credit Card
D-26076,69,11,2,Clothing,T-shirt,COD
D-25603,204,5,3,Clothing,Trousers,DeDit Card
D-25903,58,-9,2,Furniture,Furnishings,COD
D-25938,63,29,3,Clothing,Stole,COD
D-25868,150,68,2,Electronics,Accessories,UPI
D-25956,54,9,2,Clothing,Hankerchief,COD
D-25652,28,-17,8,Clothing,Skirt,COD
D-25883,85,-28,8,Clothing,Leggings,Credit Card
D-26096,86,49,2,Clothing,Saree,Credit Card
D-25969,151,16,6,Clothing,T-shirt,UPI
D-25951,83,11,2,Clothing,Stole,Credit Card
D-25855,86,12,2,Clothing,Hankerchief,Credit Card
D-26091,61,9,4,Clothing,Leggings,COD
D-25954,183,64,5,Furniture,Furnishings,DeDit Card
D-25763,67,-54,3,Furniture,Chairs,COD
D-25945,68,3,3,Clothing,Saree,UPI
D-25740,54,-7,2,Clothing,Saree,COD
D-25818,85,24,2,Furniture,Furnishings,UPI
D-25603,184,-163,3,Clothing,Saree,EMI
D-25964,206,0,3,Clothing,Stole,EMI
D-25930,183,76,8,Clothing,T-shirt,EMI
D-25930,61,17,2,Clothing,Hankerchief,COD
D-25879,55,-23,2,Clothing,Kurti,COD
D-25903,208,-94,5,Clothing,Hankerchief,EMI
D-25614,95,-14,2,Electronics,Electronic Games,Credit Card
D-25750,20,-11,3,Clothing,Stole,COD
D-25852,114,14,2,Clothing,Stole,Credit Card
D-26008,63,19,5,Clothing,Leggings,COD
D-26092,83,13,2,Clothing,T-shirt,Credit Card
D-25689,111,15,2,Clothing,Stole,Credit Card
D-25730,96,18,5,Clothing,Stole,Credit Card
D-25885,109,30,2,Clothing,Shirt,Credit Card
D-25999,29,-17,1,Clothing,Stole,COD
D-26011,90,40,2,Clothing,Stole,Credit Card
D-25754,75,-75,3,Clothing,Stole,Credit Card
D-26030,83,4,6,Clothing,Hankerchief,Credit Card
D-25851,58,32,2,Clothing,T-shirt,COD
D-25870,60,6,3,Furniture,Furnishings,COD
D-26074,51,24,3,Clothing,Leggings,COD
D-25861,110,4,4,Clothing,Saree,COD
D-25797,101,-5,4,Clothing,Saree,Credit Card
D-25993,264,31,7,Furniture,Furnishings,COD
D-25799,207,-109,3,Clothing,Saree,DeDit Card
D-25721,166,60,5,Clothing,Shirt,UPI
D-26056,187,17,4,Clothing,Hankerchief,DeDit Card
D-25743,45,0,4,Clothing,Hankerchief,COD
D-25854,103,15,3,Clothing,Stole,Credit Card
D-25748,190,59,3,Electronics,Phones,UPI
D-25976,199,7,4,Clothing,T-shirt,UPI
D-25953,79,37,6,Clothing,Stole,Credit Card
D-25996,193,4,1,Clothing,Saree,UPI
D-25717,58,-36,2,Furniture,Chairs,COD
D-25865,96,-1,3,Clothing,Saree,Credit Card
D-25959,222,55,2,Electronics,Phones,UPI
D-25855,158,67,1,Furniture,Bookcases,COD
D-25703,15,-3,2,Clothing,Stole,UPI
D-26049,116,25,2,Clothing,Hankerchief,UPI
D-25755,92,-16,4,Clothing,Stole,UPI
D-26070,78,27,1,Clothing,Trousers,UPI
D-25755,27,4,2,Clothing,Saree,UPI
D-26047,59,14,6,Clothing,Skirt,COD
D-25604,137,5,11,Clothing,Saree,UPI
D-25651,233,-56,3,Furniture,Bookcases,UPI
D-25983,223,5,2,Clothing,Saree,UPI
D-26056,203,-124,3,Furniture,Bookcases,DeDit Card
D-25940,55,4,2,Clothing,Stole,COD
D-25766,180,-20,2,Clothing,Saree,DeDit Card
D-25935,130,32,2,Clothing,Hankerchief,COD
D-25970,222,81,2,Electronics,Printers,UPI
D-26053,77,37,3,Electronics,Accessories,UPI
D-25947,302,40,6,Clothing,Hankerchief,COD
D-25856,43,6,1,Clothing,Saree,COD
D-26030,211,36,4,Electronics,Accessories,DeDit Card
D-26069,50,19,2,Clothing,Kurti,COD
D-25653,214,90,9,Electronics,Accessories,DeDit Card
D-25627,60,-37,4,Clothing,Stole,COD
D-25947,190,27,2,Electronics,Accessories,UPI
D-25801,66,6,4,Clothing,Saree,COD
D-25964,88,6,5,Clothing,Saree,COD
D-25950,58,24,2,Clothing,Stole,COD
D-25878,99,49,3,Clothing,T-shirt,Credit Card
D-25773,228,-24,2,Electronics,Electronic Games,UPI
D-26081,70,36,4,Clothing,Stole,UPI
D-26027,44,8,4,Clothing,T-shirt,COD
D-25967,207,68,10,Clothing,Saree,DeDit Card
D-25901,164,32,3,Clothing,Hankerchief,UPI
D-25951,204,117,2,Electronics,Phones,DeDit Card
D-25853,199,5,2,Clothing,Saree,UPI
D-25923,263,-12,1,Clothing,Trousers,DeDit Card
D-25793,240,-229,5,Clothing,Saree,DeDit Card
D-26068,214,38,6,Electronics,Accessories,COD
D-26080,92,41,5,Clothing,T-shirt,COD
D-25843,178,26,3,Electronics,Accessories,COD
D-26002,154,7,8,Clothing,Saree,COD
D-25993,201,38,5,Furniture,Furnishings,UPI
D-26070,58,12,3,Clothing,Shirt,COD
D-25887,81,7,6,Clothing,Shirt,EMI
D-25654,49,-3,3,Clothing,Saree,COD
D-25898,60,5,3,Clothing,T-shirt,COD
D-25664,289,-25,2,Electronics,Phones,DeDit Card
D-26012,214,7,2,Clothing,Saree,COD
D-25979,75,-30,3,Clothing,Kurti,EMI
D-26054,144,34,2,Clothing,Stole,COD
D-25757,50,15,2,Clothing,Stole,COD
D-25623,44,1,4,Clothing,Stole,COD
D-25824,118,39,2,Furniture,Furnishings,COD
D-25754,224,246,2,Electronics,Printers,DeDit Card
D-25693,97,-46,5,Clothing,T-shirt,EMI
D-25638,151,38,3,Clothing,Hankerchief,COD
D-25922,45,20,2,Clothing,Stole,COD
D-25919,1626,41,7,Electronics,Electronic Games,UPI
D-25989,388,42,8,Clothing,Hankerchief,UPI
D-25999,56,-58,2,Electronics,Electronic Games,COD
D-25661,251,-71,3,Furniture,Chairs,COD
D-26099,220,31,4,Clothing,Hankerchief,COD
D-25866,55,16,2,Clothing,Stole,COD
D-26098,93,8,3,Electronics,Accessories,EMI
D-26062,45,-19,2,Clothing,Stole,COD
D-25761,262,-36,7,Electronics,Electronic Games,DeDit Card
D-25843,44,6,5,Clothing,Skirt,COD
D-25683,293,-3,4,Electronics,Phones,UPI
D-25959,97,24,6,Clothing,Hankerchief,EMI
D-25787,187,-41,7,Electronics,Accessories,COD
D-25951,54,15,1,Electronics,Electronic Games,COD
D-26056,257,47,2,Electronics,Accessories,COD
D-25643,229,-51,2,Electronics,Electronic Games,DeDit Card
D-26093,83,-41,6,Clothing,Leggings,EMI
D-25775,58,-18,2,Clothing,Stole,COD
D-26093,40,5,4,Clothing,Hankerchief,COD
D-25851,256,51,9,Clothing,T-shirt,UPI
D-25685,243,-26,3,Furniture,Furnishings,DeDit Card
D-25651,57,3,1,Clothing,Shirt,COD
D-25793,75,-23,7,Clothing,Kurti,COD
D-25708,95,-57,7,Clothing,Stole,EMI
D-25847,261,65,11,Furniture,Furnishings,DeDit Card
D-25954,55,10,2,Clothing,Shirt,COD
D-25997,55,18,1,Clothing,Hankerchief,COD
D-25650,227,-63,2,Electronics,Printers,UPI
D-25883,165,50,5,Clothing,Hankerchief,UPI
D-25945,200,11,2,Furniture,Bookcases,COD
D-25981,254,103,2,Furniture,Bookcases,UPI
D-25862,71,3,2,Clothing,Stole,EMI
D-25877,228,27,6,Furniture,Chairs,DeDit Card
D-26090,66,24,3,Clothing,Stole,EMI
D-26050,306,50,7,Clothing,Hankerchief,COD
D-26072,293,48,4,Electronics,Electronic Games,COD
D-25916,87,-22,10,Clothing,Skirt,EMI
D-25722,40,-9,9,Clothing,Stole,COD
D-25746,81,18,2,Clothing,Saree,UPI
D-25753,48,-121,6,Furniture,Furnishings,COD
D-25956,156,31,2,Electronics,Phones,COD
D-25996,44,1,2,Clothing,Stole,COD
D-25896,83,-2,2,Furniture,Furnishings,EMI
D-25796,90,-53,7,Clothing,Stole,EMI
D-25798,49,-3,2,Clothing,Stole,COD
D-26043,165,40,4,Clothing,Stole,UPI
D-26028,62,35,2,Clothing,Shirt,EMI
D-25812,297,45,6,Clothing,Hankerchief,UPI
D-25605,61,0,6,Clothing,Saree,EMI
D-25702,86,0,4,Clothing,Shirt,EMI
D-25940,47,0,4,Clothing,Leggings,COD
D-26087,54,15,3,Clothing,Hankerchief,COD
D-25955,224,15,5,Electronics,Phones,COD
D-25626,55,-12,1,Electronics,Phones,COD
D-25811,118,61,3,Clothing,Hankerchief,UPI
D-25856,82,29,3,Clothing,Stole,EMI
D-25628,43,12,3,Clothing,Skirt,COD
D-26016,73,7,3,Clothing,Shirt,UPI
D-25999,136,11,2,Electronics,Phones,UPI
D-26043,140,56,6,Clothing,Stole,UPI
D-25743,88,-55,3,Clothing,Stole,UPI
D-26014,308,32,6,Furniture,Chairs,DeDit Card
D-25876,273,12,4,Clothing,Trousers,DeDit Card
D-25785,44,0,2,Clothing,T-shirt,COD
D-25810,49,6,3,Clothing,Shirt,COD
D-25833,40,14,3,Clothing,Stole,COD
D-25931,62,-33,4,Furniture,Chairs,UPI
D-25852,42,13,4,Clothing,Hankerchief,COD
D-25738,66,-7,3,Clothing,Saree,UPI
D-25921,65,-42,5,Electronics,Accessories,UPI
D-25685,40,-2,4,Clothing,Shirt,COD
D-25996,234,130,6,Clothing,Shirt,DeDit Card
D-25663,237,137,2,Electronics,Printers,DeDit Card
D-25888,267,4,3,Electronics,Phones,COD
D-25677,19,-2,1,Electronics,Accessories,UPI
D-26045,288,89,6,Furniture,Furnishings,DeDit Card
D-26002,121,29,2,Clothing,Saree,UPI
D-25953,39,2,3,Clothing,Hankerchief,COD
D-25617,360,-286,4,Electronics,Electronic Games,DeDit Card
D-25702,341,-125,3,Clothing,Saree,DeDit Card
D-25799,59,-74,4,Clothing,Stole,UPI
D-25985,43,11,4,Clothing,Stole,COD
D-25952,51,14,3,Clothing,Hankerchief,COD
D-25754,376,323,4,Clothing,Saree,DeDit Card
D-25770,283,-294,10,Furniture,Chairs,UPI
D-25954,46,8,3,Clothing,Stole,COD
D-25657,250,-193,4,Furniture,Chairs,COD
D-25801,59,-28,2,Clothing,Stole,COD
D-26000,38,-11,3,Clothing,Skirt,COD
D-25897,51,6,3,Clothing,Stole,COD
D-25681,72,-30,3,Electronics,Accessories,UPI
D-25852,334,147,1,Electronics,Printers,DeDit Card
D-26067,67,2,5,Clothing,T-shirt,UPI
D-25601,59,-10,5,Clothing,Stole,UPI
D-25804,279,29,3,Electronics,Printers,DeDit Card
D-25751,38,-5,2,Clothing,Saree,COD
D-25630,100,-39,4,Clothing,Kurti,COD
D-25899,48,16,1,Clothing,Saree,COD
D-25751,40,18,2,Clothing,Shirt,COD
D-26081,524,53,5,Clothing,Saree,COD
D-25851,356,35,2,Electronics,Printers,COD
D-26036,393,48,7,Furniture,Furnishings,UPI
D-25704,119,0,3,Electronics,Phones,COD
D-25761,393,-12,3,Electronics,Electronic Games,DeDit Card
D-25978,297,161,7,Clothing,Stole,DeDit Card
D-26077,59,9,8,Clothing,Hankerchief,UPI
D-25981,46,12,2,Clothing,Leggings,COD
D-26043,67,30,6,Clothing,Hankerchief,UPI
D-25896,36,6,2,Clothing,Kurti,COD
D-25790,47,-3,1,Electronics,Electronic Games,COD
D-25789,278,-10,5,Furniture,Bookcases,UPI
D-26061,97,47,2,Clothing,Stole,UPI
D-25923,229,64,3,Electronics,Accessories,COD
D-25868,64,-1,1,Electronics,Phones,UPI
D-25777,63,-21,4,Electronics,Accessories,UPI
D-25999,186,70,6,Clothing,Hankerchief,COD
D-25854,394,-140,7,Furniture,Furnishings,DeDit Card
D-25667,312,-39,3,Clothing,Saree,DeDit Card
D-25829,294,35,8,Clothing,Hankerchief,DeDit Card
D-25705,53,0,2,Electronics,Electronic Games,COD
D-25843,301,86,5,Clothing,Hankerchief,COD
D-25958,412,31,3,Clothing,Saree,UPI
D-25893,418,69,3,Electronics,Printers,UPI
D-25855,65,29,2,Clothing,Hankerchief,UPI
D-25616,43,14,5,Clothing,Hankerchief,COD
D-25630,35,-22,2,Clothing,Kurti,COD
D-25936,59,27,5,Clothing,Saree,UPI
D-25830,39,11,6,Clothing,Hankerchief,COD
D-25930,36,12,2,Clothing,T-shirt,COD
D-25808,64,22,2,Clothing,Stole,UPI
D-25979,57,29,2,Clothing,Shirt,UPI
D-25687,14,5,1,Clothing,Stole,UPI
D-26087,36,9,2,Clothing,Stole,COD
D-25764,375,-26,2,Clothing,Saree,DeDit Card
D-25782,278,-23,6,Furniture,Chairs,UPI
D-25854,46,19,3,Clothing,Hankerchief,COD
D-26085,40,19,2,Clothing,Stole,COD
D-25630,40,-8,3,Clothing,Stole,COD
D-25999,365,80,8,Clothing,Stole,DeDit Card
D-25648,62,-24,4,Clothing,Saree,UPI
D-25952,331,15,4,Clothing,Trousers,DeDit Card
D-25710,57,-20,3,Clothing,T-shirt,UPI
D-25685,52,7,2,Furniture,Furnishings,UPI
D-25740,36,-30,4,Clothing,Stole,COD
D-25973,45,13,5,Clothing,Leggings,COD
D-25769,397,-5,2,Clothing,Saree,DeDit Card
D-25687,380,139,2,Clothing,Saree,DeDit Card
D-25603,43,18,1,Clothing,Kurti,COD
D-26050,44,9,2,Clothing,Stole,COD
D-25748,153,9,3,Clothing,Shirt,UPI
D-25833,41,4,7,Clothing,Hankerchief,COD
D-25930,379,-89,5,Electronics,Electronic Games,COD
D-26035,396,12,3,Electronics,Electronic Games,DeDit Card
D-25851,56,27,5,Clothing,Hankerchief,EMI
D-25718,409,111,1,Furniture,Bookcases,DeDit Card
D-25898,431,37,4,Clothing,Saree,COD
D-25893,257,71,8,Clothing,Shirt,COD
D-25983,57,-4,7,Clothing,T-shirt,EMI
D-26056,317,96,6,Electronics,Phones,DeDit Card
D-25715,470,135,3,Electronics,Phones,DeDit Card
D-25702,361,-20,8,Furniture,Chairs,DeDit Card
D-25618,338,113,1,Furniture,Bookcases,COD
D-25643,40,-7,1,Electronics,Electronic Games,COD
D-25961,29,-10,3,Clothing,Skirt,COD
D-25873,414,67,3,Electronics,Electronic Games,UPI
D-26053,481,178,6,Clothing,Saree,DeDit Card
D-25683,434,28,3,Electronics,Printers,DeDit Card
D-25718,369,34,3,Furniture,Bookcases,DeDit Card
D-25753,57,-52,4,Clothing,Kurti,COD
D-25852,52,17,1,Clothing,Stole,EMI
D-25914,549,-137,4,Furniture,Chairs,DeDit Card
D-26083,36,3,3,Clothing,Saree,COD
D-25857,205,52,2,Furniture,Furnishings,UPI
D-25939,494,38,5,Electronics,Electronic Games,DeDit Card
D-25851,105,42,2,Clothing,Saree,UPI
D-25699,38,-12,5,Clothing,Leggings,COD
D-26078,115,52,3,Clothing,Stole,COD
D-26075,38,10,2,Clothing,Stole,COD
D-25956,482,56,4,Electronics,Phones,DeDit Card
D-25861,59,3,2,Clothing,Stole,EMI
D-25777,65,-76,4,Clothing,Kurti,UPI
D-25634,410,-67,3,Furniture,Chairs,UPI
D-25753,90,-41,7,Clothing,Stole,COD
D-25687,43,20,3,Clothing,T-shirt,COD
D-25885,463,118,2,Furniture,Bookcases,UPI
D-25767,52,-19,2,Clothing,Saree,EMI
D-25961,28,-12,5,Clothing,Leggings,COD
D-25923,445,28,3,Electronics,Printers,DeDit Card
D-25799,51,-26,4,Clothing,Saree,EMI
D-25955,37,8,4,Clothing,Skirt,EMI
D-26015,132,57,1,Clothing,Saree,COD
D-26051,628,59,5,Furniture,Bookcases,COD
D-25822,36,13,2,Clothing,Saree,COD
D-25989,36,17,3,Clothing,Hankerchief,Credit Card
D-25910,38,1,2,Clothing,Shirt,COD
D-25956,39,11,2,Clothing,Hankerchief,COD
D-25986,578,-21,3,Electronics,Printers,DeDit Card
D-26098,547,199,3,Furniture,Chairs,DeDit Card
D-26061,433,225,2,Electronics,Accessories,DeDit Card
D-25954,578,-25,2,Electronics,Electronic Games,DeDit Card
D-26034,344,218,4,Electronics,Accessories,UPI
D-25909,136,48,3,Clothing,Saree,COD
D-25692,131,23,8,Furniture,Furnishings,UPI
D-25959,427,19,3,Furniture,Chairs,UPI
D-25745,49,-9,3,Clothing,Stole,Credit Card
D-25689,160,115,3,Clothing,Stole,UPI
D-25786,43,-31,3,Clothing,Stole,Credit Card
D-25897,30,8,3,Clothing,Hankerchief,COD
D-26056,40,8,2,Clothing,Hankerchief,COD
D-25855,429,34,2,Electronics,Electronic Games,UPI
D-25667,40,6,5,Clothing,Skirt,Credit Card
D-25701,29,-11,5,Clothing,Hankerchief,COD
D-26046,36,3,7,Clothing,Hankerchief,COD
D-25676,34,5,3,Clothing,Shirt,COD
D-26045,159,71,1,Clothing,Saree,UPI
D-25889,26,11,1,Clothing,Kurti,COD
D-25900,150,81,5,Clothing,T-shirt,COD
D-25685,562,156,3,Electronics,Phones,DeDit Card
D-25622,486,0,3,Clothing,Saree,DeDit Card
D-25709,48,-7,1,Furniture,Chairs,Credit Card
D-25798,326,70,2,Clothing,Saree,COD
D-25933,79,-49,3,Clothing,Stole,COD
D-25793,47,-32,6,Clothing,Hankerchief,Credit Card
D-25951,39,17,1,Electronics,Accessories,Credit Card
D-25656,564,0,3,Clothing,Saree,DeDit Card
D-26056,30,7,2,Clothing,Hankerchief,COD
D-25870,430,-101,10,Clothing,Hankerchief,UPI
D-25690,37,-9,3,Clothing,Skirt,COD
D-25702,30,-3,4,Clothing,Saree,COD
D-25752,105,16,6,Clothing,T-shirt,UPI
D-25781,27,-25,2,Clothing,T-shirt,COD
D-26038,27,5,1,Clothing,T-shirt,COD
D-25761,32,0,3,Clothing,Saree,Credit Card
D-25751,566,6,2,Electronics,Electronic Games,DeDit Card
D-25750,511,-163,6,Furniture,Furnishings,DeDit Card
D-25726,561,-153,7,Furniture,Bookcases,UPI
D-26048,161,82,2,Electronics,Accessories,COD
D-26051,218,101,6,Clothing,T-shirt,UPI
D-25614,432,45,4,Furniture,Bookcases,COD
D-25907,34,10,5,Clothing,Hankerchief,COD
D-25789,33,0,1,Clothing,Kurti,COD
D-26097,43,-16,2,Clothing,Leggings,Credit Card
D-25902,1934,73,3,Clothing,Trousers,COD
D-25657,367,-45,6,Electronics,Phones,UPI
D-25854,458,146,11,Clothing,Hankerchief,UPI
D-25610,26,-5,2,Furniture,Furnishings,COD
D-25733,24,-9,2,Clothing,Stole,COD
D-25798,44,-15,3,Clothing,Stole,Credit Card
D-25803,535,205,4,Furniture,Chairs,UPI
D-25755,41,-51,3,Clothing,Saree,Credit Card
D-25850,509,230,2,Electronics,Accessories,COD
D-25667,437,62,4,Furniture,Bookcases,UPI
D-25796,475,-18,2,Clothing,Trousers,DeDit Card
D-26013,31,-12,3,Clothing,Skirt,COD
D-25683,144,48,5,Clothing,Stole,UPI
D-26054,492,-172,2,Electronics,Electronic Games,DeDit Card
D-26010,525,30,3,Electronics,Electronic Games,COD
D-25979,462,48,3,Clothing,Saree,DeDit Card
D-25973,590,89,12,Clothing,Stole,DeDit Card
D-25975,26,2,3,Clothing,Skirt,COD
D-26010,32,2,2,Clothing,Stole,COD
D-25767,27,-3,3,Clothing,Saree,COD
D-25815,34,14,2,Clothing,Stole,Credit Card
D-25853,466,119,3,Electronics,Printers,DeDit Card
D-25756,24,-28,4,Clothing,Leggings,COD
D-25755,567,216,4,Furniture,Bookcases,DeDit Card
D-25996,215,65,2,Furniture,Furnishings,COD
D-25619,367,90,9,Clothing,Saree,COD
D-26050,350,99,2,Electronics,Printers,COD
D-26000,644,77,4,Furniture,Chairs,DeDit Card
D-26058,243,88,8,Clothing,Hankerchief,COD
D-25856,766,101,4,Clothing,Saree,COD
D-26044,23,-10,3,Clothing,Skirt,COD
D-25654,34,12,3,Clothing,Hankerchief,Credit Card
D-26051,505,-99,5,Electronics,Electronic Games,DeDit Card
D-25636,571,92,5,Clothing,Saree,UPI
D-25710,736,-60,7,Furniture,Furnishings,DeDit Card
D-25656,535,36,2,Electronics,Electronic Games,DeDit Card
D-25919,28,4,1,Clothing,T-shirt,COD
D-25781,612,-364,6,Electronics,Printers,UPI
D-25899,30,7,4,Clothing,Skirt,COD
D-26093,34,-1,1,Clothing,Saree,Credit Card
D-25753,22,-22,2,Clothing,Hankerchief,COD
D-25858,25,6,2,Clothing,Skirt,COD
D-25762,27,4,3,Clothing,Skirt,COD
D-25625,530,-413,6,Clothing,Saree,DeDit Card
D-25857,562,146,4,Furniture,Bookcases,UPI
D-25919,517,-241,2,Electronics,Printers,DeDit Card
D-25864,22,11,2,Clothing,Hankerchief,COD
D-25698,26,-7,4,Clothing,Hankerchief,COD
D-25959,543,253,7,Electronics,Phones,DeDit Card
D-26073,298,113,9,Clothing,Stole,UPI
D-25649,29,-23,2,Clothing,Stole,COD
D-25806,708,-111,4,Furniture,Tables,UPI
D-25756,566,-47,2,Electronics,Printers,DeDit Card
D-26003,565,11,5,Furniture,Furnishings,DeDit Card
D-25752,28,-28,1,Furniture,Chairs,Credit Card
D-25783,27,2,2,Clothing,Hankerchief,COD
D-25802,685,-555,11,Electronics,Accessories,UPI
D-25881,21,10,2,Clothing,Leggings,COD
D-25898,224,108,5,Clothing,Shirt,UPI
D-25696,728,94,3,Electronics,Printers,UPI
D-25826,648,309,2,Electronics,Printers,COD
D-25745,726,15,6,Furniture,Bookcases,DeDit Card
D-25943,30,8,3,Clothing,Hankerchief,COD
D-26051,734,215,5,Furniture,Bookcases,DeDit Card
D-25624,29,10,3,Clothing,Hankerchief,COD
D-25723,24,-24,1,Clothing,Stole,COD
D-26052,28,8,2,Clothing,Stole,COD
D-25603,20,-27,1,Furniture,Chairs,COD
D-25983,37,-13,1,Furniture,Chairs,Credit Card
D-25650,32,-2,2,Clothing,Saree,Credit Card
D-25656,734,146,6,Electronics,Printers,COD
D-26018,320,110,4,Furniture,Furnishings,UPI
D-25783,32,-7,2,Clothing,Hankerchief,UPI
D-25951,30,5,2,Clothing,Kurti,UPI
D-25974,723,193,2,Furniture,Bookcases,COD
D-25754,25,-18,2,Clothing,Saree,UPI
D-26073,24,8,3,Clothing,Saree,UPI
D-25796,25,1,1,Electronics,Accessories,UPI
D-25653,24,-3,2,Clothing,Saree,UPI
D-25884,28,2,4,Clothing,Hankerchief,COD
D-25650,25,-23,2,Clothing,Stole,UPI
D-26045,32,5,1,Clothing,Stole,UPI
D-25672,25,-17,1,Clothing,Stole,UPI
D-25949,21,12,2,Clothing,Hankerchief,COD
D-25733,26,-5,5,Clothing,Hankerchief,COD
D-25697,342,187,4,Electronics,Printers,COD
D-25893,688,-84,7,Electronics,Accessories,DeDit Card
D-25802,24,-3,1,Clothing,Shirt,COD
D-25961,28,3,3,Clothing,Skirt,UPI
D-25751,61,-47,2,Electronics,Phones,COD
D-25814,554,155,4,Clothing,Saree,COD
D-25702,1120,195,3,Furniture,Tables,UPI
D-25896,24,5,2,Clothing,Skirt,COD
D-25969,633,51,2,Electronics,Printers,UPI
D-25778,776,-366,5,Electronics,Electronic Games,UPI
D-25859,600,279,2,Furniture,Bookcases,UPI
D-25810,21,9,4,Clothing,Hankerchief,UPI
D-25616,20,-2,3,Clothing,Hankerchief,COD
D-25633,700,-9,3,Clothing,Saree,DeDit Card
D-25753,123,36,6,Clothing,T-shirt,COD
D-25764,835,-181,2,Electronics,Phones,DeDit Card
D-25864,24,8,2,Clothing,Leggings,COD
D-25725,25,-5,2,Clothing,Stole,UPI
D-25858,21,9,3,Clothing,Hankerchief,COD
D-25817,705,80,5,Electronics,Printers,UPI
D-25703,26,-15,5,Clothing,Kurti,COD
D-25610,637,560,6,Electronics,Printers,DeDit Card
D-25652,29,-2,6,Clothing,Hankerchief,UPI
D-25891,26,2,2,Clothing,Hankerchief,UPI
D-25764,116,38,5,Clothing,T-shirt,COD
D-25664,856,61,2,Electronics,Phones,DeDit Card
D-25645,182,-55,5,Electronics,Phones,UPI
D-26008,25,4,1,Clothing,Stole,COD
D-26061,745,160,4,Clothing,Saree,COD
D-25781,743,-288,5,Clothing,Trousers,COD
D-25999,701,263,3,Electronics,Accessories,COD
D-25783,22,-15,3,Clothing,Shirt,COD
D-25800,24,-7,2,Clothing,Leggings,COD
D-26093,435,171,2,Electronics,Accessories,UPI
D-25638,856,-113,3,Electronics,Printers,DeDit Card
D-26026,26,2,3,Clothing,Kurti,Credit Card
D-25902,877,117,6,Electronics,Accessories,COD
D-25968,691,159,7,Electronics,Accessories,UPI
D-26099,907,269,4,Electronics,Phones,DeDit Card
D-25699,24,-6,1,Electronics,Accessories,COD
D-26076,392,-173,3,Furniture,Bookcases,COD
D-25793,21,-1,3,Clothing,Skirt,Credit Card
D-25671,989,0,3,Clothing,Trousers,UPI
D-26040,727,110,3,Clothing,Trousers,UPI
D-26059,23,7,1,Clothing,T-shirt,COD
D-25725,23,-5,7,Clothing,Hankerchief,Credit Card
D-25855,494,-269,5,Furniture,Furnishings,UPI
D-25738,170,-90,2,Electronics,Phones,COD
D-25899,827,9,2,Furniture,Chairs,DeDit Card
D-25608,861,340,7,Electronics,Printers,COD
D-25904,822,136,2,Furniture,Bookcases,UPI
D-26056,20,-16,4,Clothing,Kurti,COD
D-25669,528,-62,2,Furniture,Tables,COD
D-25638,842,111,7,Furniture,Furnishings,DeDit Card
D-25953,26,-7,4,Clothing,Hankerchief,Credit Card
D-25841,20,9,2,Clothing,Skirt,Credit Card
D-26071,22,3,3,Clothing,Hankerchief,Credit Card
D-25793,17,1,3,Clothing,Hankerchief,COD
D-25813,1011,203,8,Furniture,Chairs,COD
D-26010,15,2,2,Clothing,Hankerchief,COD
D-25825,1082,399,4,Electronics,Phones,DeDit Card
D-25630,140,-146,2,Electronics,Phones,COD
D-25986,821,21,8,Electronics,Electronic Games,COD
D-25650,767,-482,5,Electronics,Electronic Games,COD
D-26078,15,9,2,Clothing,Skirt,COD
D-25890,469,220,7,Clothing,Saree,COD
D-25691,16,-8,4,Clothing,Stole,COD
D-25952,1058,131,5,Electronics,Electronic Games,UPI
D-25651,16,-10,2,Clothing,T-shirt,COD
D-25955,858,87,2,Electronics,Printers,UPI
D-25898,958,-96,3,Furniture,Tables,DeDit Card
D-25838,1034,249,3,Electronics,Printers,DeDit Card
D-25797,846,249,3,Electronics,Accessories,COD
D-25738,927,0,6,Clothing,Saree,EMI
D-25661,15,-12,3,Clothing,Hankerchief,Credit Card
D-25997,18,6,3,Clothing,Hankerchief,COD
D-25667,1097,208,10,Electronics,Printers,UPI
D-25753,614,67,6,Electronics,Accessories,COD
D-25848,18,10,2,Clothing,Hankerchief,COD
D-26097,21,7,2,Clothing,Hankerchief,Credit Card
D-25633,258,-120,4,Electronics,Phones,UPI
D-25807,18,6,1,Clothing,Stole,COD
D-25752,1201,176,7,Furniture,Bookcases,COD
D-26052,13,1,1,Clothing,Shirt,COD
D-25610,977,-41,4,Electronics,Printers,COD
D-25888,15,2,3,Clothing,Hankerchief,Credit Card
D-25937,1115,313,3,Furniture,Bookcases,UPI
D-25828,18,2,1,Clothing,Leggings,COD
D-26048,901,229,4,Clothing,Trousers,UPI
D-25670,12,2,1,Clothing,Hankerchief,COD
D-25757,14,5,1,Clothing,Hankerchief,COD
D-25751,16,-3,2,Clothing,Leggings,COD
D-25687,13,-1,3,Clothing,Kurti,COD
D-25710,13,-9,1,Clothing,T-shirt,COD
D-25656,11,-1,3,Clothing,Hankerchief,COD
D-25601,1096,1002,8,Furniture,Bookcases,EMI
D-26053,20,1,2,Clothing,Skirt,Credit Card
D-26001,15,0,2,Clothing,Hankerchief,COD
D-25964,1019,613,10,Electronics,Electronic Games,EMI
D-26062,15,-2,1,Clothing,Stole,COD
D-25982,14,3,1,Clothing,Leggings,COD
D-25864,20,5,1,Clothing,Hankerchief,UPI
D-25693,13,-13,2,Clothing,Skirt,COD
D-25802,13,-10,2,Clothing,Skirt,COD
D-25676,1257,-47,5,Clothing,Trousers,EMI
D-25639,1738,-156,4,Electronics,Phones,COD
D-25757,15,8,2,Clothing,Hankerchief,UPI
D-26003,14,2,2,Clothing,Skirt,UPI
D-26055,1154,-13,2,Electronics,Printers,EMI
D-25786,18,-11,3,Clothing,Skirt,UPI
D-25919,860,-288,8,Electronics,Phones,COD
D-25894,1332,51,3,Furniture,Bookcases,EMI
D-25979,14,1,2,Clothing,Hankerchief,COD
D-25651,9,-4,2,Clothing,Skirt,COD
D-25653,1419,292,7,Furniture,Chairs,EMI
D-25855,1289,616,5,Electronics,Printers,COD
D-25793,1608,120,11,Clothing,Saree,EMI
D-26073,1318,624,5,Electronics,Printers,EMI
D-25881,1455,112,5,Electronics,Electronic Games,COD
D-25603,1538,-60,6,Clothing,Trousers,COD
D-25851,12,2,2,Clothing,Hankerchief,COD
D-25883,11,-2,2,Clothing,Leggings,COD
D-25768,1580,-501,6,Clothing,Trousers,EMI
D-25953,1275,380,9,Furniture,Bookcases,EMI
D-25755,368,342,6,Clothing,Saree,UPI
D-26057,757,341,6,Electronics,Printers,COD
D-26055,989,-491,9,Furniture,Bookcases,COD
D-25855,1204,475,7,Clothing,Saree,COD
D-25989,11,5,1,Clothing,Stole,COD
D-26099,2533,632,4,Clothing,Trousers,UPI
D-25652,8,-5,2,Clothing,Hankerchief,COD
D-25723,17,-13,2,Clothing,Stole,UPI
D-26099,9,3,1,Clothing,Skirt,COD
D-25629,1654,395,3,Clothing,Trousers,COD
D-25877,958,531,2,Clothing,Trousers,EMI
D-25767,10,-11,2,Clothing,Kurti,COD
D-25735,18,-8,1,Clothing,Hankerchief,UPI
D-26097,11,5,1,Clothing,Hankerchief,UPI
D-26070,17,8,2,Clothing,Hankerchief,UPI
D-25752,8,-2,2,Clothing,Hankerchief,COD
D-25656,1595,802,8,Clothing,Saree,COD
D-25748,9,-1,2,Clothing,Leggings,COD
D-25758,8,-2,1,Clothing,Stole,COD
D-25950,14,3,1,Clothing,Leggings,UPI
D-25707,9,-7,1,Clothing,Stole,COD
D-25909,12,2,2,Clothing,Skirt,Credit Card
D-25955,1597,295,7,Electronics,Accessories,COD
D-26023,1192,362,10,Furniture,Bookcases,EMI
D-25655,10,-7,2,Clothing,Skirt,Credit Card
D-25686,367,405,3,Electronics,Printers,COD
D-25655,8,-4,3,Clothing,Hankerchief,COD
D-25601,8,-2,3,Clothing,Hankerchief,Credit Card
D-25862,2323,684,4,Furniture,Bookcases,UPI
D-25626,935,247,3,Furniture,Chairs,EMI
D-25823,2140,348,8,Electronics,Electronic Games,UPI
D-25881,1697,26,5,Furniture,Chairs,COD
D-25910,790,-294,4,Electronics,Electronic Games,COD
D-25830,1006,76,8,Electronics,Phones,EMI
D-25978,1019,-144,3,Electronics,Electronic Games,EMI
D-25997,2471,127,7,Furniture,Bookcases,COD
D-25661,7,-1,2,Clothing,Hankerchief,Credit Card
D-25969,2402,219,7,Furniture,Bookcases,UPI
D-25858,2199,580,10,Electronics,Electronic Games,EMI
D-25697,4,-3,1,Clothing,Skirt,Credit Card
D-25798,2521,-2023,13,Furniture,Bookcases,EMI
D-25873,6,1,1,Clothing,Hankerchief,COD
D-25740,7,0,2,Clothing,Skirt,COD
D-25700,7,-3,2,Clothing,Hankerchief,COD
D-25757,3302,-30,7,Clothing,Trousers,EMI
D-25973,4081,1569,11,Electronics,Printers,COD
D-25698,7,-2,1,Clothing,Hankerchief,COD
D-25993,4997,350,5,Furniture,Tables,EMI
